{"cameraMode":{"drawMode":0,"name":"Shaded","section":"Shading Mode"},"sceneLighting":false,"audioPlay":false,"sceneViewState":{"showFog":true,"showMaterialUpdate":false,"showSkybox":false,"showFlares":true,"showImageEffects":true,"showParticleSystems":true},"in2DMode":false,"pivot":{"x":-0.00006103515625,"y":82.73065185546875,"z":0.0001220703125},"rotation":{"x":0.2993181049823761,"y":-0.1733488291501999,"z":0.055396441370248798,"w":0.9366376399993897},"size":2955.924072265625,"orthographic":false}