{"cameraMode":{"drawMode":0,"name":"Shaded","section":"Shading Mode"},"sceneLighting":false,"audioPlay":false,"sceneViewState":{"showFog":true,"showMaterialUpdate":false,"showSkybox":false,"showFlares":true,"showImageEffects":true,"showParticleSystems":true},"in2DMode":false,"pivot":{"x":-0.000017523765563964844,"y":2.3530402183532717,"z":0.0},"rotation":{"x":0.159902423620224,"y":-0.34158292412757876,"z":0.059095676988363269,"w":0.9242618680000305},"size":22.602876663208009,"orthographic":false}