{"cameraMode":{"drawMode":0,"name":"Shaded","section":"Shading Mode"},"sceneLighting":false,"audioPlay":false,"sceneViewState":{"showFog":true,"showMaterialUpdate":false,"showSkybox":false,"showFlares":true,"showImageEffects":true,"showParticleSystems":true},"in2DMode":false,"pivot":{"x":-1.929067611694336,"y":3.403996229171753,"z":-1.1037778854370118},"rotation":{"x":0.159902423620224,"y":-0.34158292412757876,"z":0.059095676988363269,"w":0.9242618680000305},"size":7.240677833557129,"orthographic":false}