{"cameraMode":{"drawMode":0,"name":"Shaded","section":"Shading Mode"},"sceneLighting":true,"audioPlay":false,"sceneViewState":{"showFog":true,"showMaterialUpdate":false,"showSkybox":true,"showFlares":true,"showImageEffects":true,"showParticleSystems":true},"in2DMode":false,"pivot":{"x":-5.510385513305664,"y":1.2916650772094727,"z":-2.0313057899475099},"rotation":{"x":-0.04975779354572296,"y":0.6772181987762451,"z":-0.04599270597100258,"w":-0.7326557636260986},"size":10.181401252746582,"orthographic":false}