{"cameraMode":{"drawMode":0,"name":"Shaded","section":"Shading Mode"},"sceneLighting":false,"audioPlay":false,"sceneViewState":{"showFog":true,"showMaterialUpdate":false,"showSkybox":false,"showFlares":true,"showImageEffects":true,"showParticleSystems":true},"in2DMode":false,"pivot":{"x":-1.1920928955078126e-7,"y":2.353268623352051,"z":9.5367431640625e-7},"rotation":{"x":0.16199898719787599,"y":-0.6616491079330444,"z":0.14956310391426087,"w":0.7166643142700195},"size":24.5585880279541,"orthographic":false}