{"cameraMode":{"drawMode":0,"name":"Shaded","section":"Shading Mode"},"sceneLighting":true,"audioPlay":false,"sceneViewState":{"showFog":true,"showMaterialUpdate":false,"showSkybox":true,"showFlares":true,"showImageEffects":true,"showParticleSystems":true},"in2DMode":false,"pivot":{"x":-5.15553617477417,"y":-1.866039514541626,"z":-3.013741970062256},"rotation":{"x":-0.04975779354572296,"y":0.6772181987762451,"z":-0.04599270597100258,"w":-0.7326557636260986},"size":13.640491485595704,"orthographic":false}