{"cameraMode":{"drawMode":0,"name":"Shaded","section":"Shading Mode"},"sceneLighting":false,"audioPlay":false,"sceneViewState":{"showFog":true,"showMaterialUpdate":false,"showSkybox":false,"showFlares":true,"showImageEffects":true,"showParticleSystems":true},"in2DMode":false,"pivot":{"x":-1.479583740234375,"y":12.411938667297364,"z":4.192803382873535},"rotation":{"x":0.19503699243068696,"y":-0.3649043142795563,"z":0.07846725732088089,"w":0.9069996476173401},"size":37.476959228515628,"orthographic":false}